date,title,url,status
2026-02-24 16:24:09,Security Verification,https://www.nio.cn/nio-power,Blocked (Security Verification)
2026-02-24 17:43:07,未找到,未找到,https://www.nio.cn/nio-power
2026-02-25 19:35:26,未找到,未找到,https://www.nio.cn/nio-power
2026-02-26 18:11:25,未找到,未找到,https://www.nio.cn/nio-power
2026-02-27 17:56:42,未找到,未找到,https://www.nio.cn/nio-power
2026-02-28 16:53:14,未找到,未找到,https://www.nio.cn/nio-power
2026-03-01 16:55:52,未找到,未找到,https://www.nio.cn/nio-power
2026-03-02 18:03:45,未找到,未找到,https://www.nio.cn/nio-power
2026-03-03 18:05:15,未找到,未找到,https://www.nio.cn/nio-power
2026-03-04 18:01:17,未找到,未找到,https://www.nio.cn/nio-power
2026-03-05 19:47:33,未找到,未找到,https://www.nio.cn/nio-power
2026-03-06 17:55:51,未找到,未找到,https://www.nio.cn/nio-power
2026-03-07 16:54:36,未找到,未找到,https://www.nio.cn/nio-power
2026-03-08 16:57:07,未找到,未找到,https://www.nio.cn/nio-power
2026-03-09 18:07:36,未找到,未找到,https://www.nio.cn/nio-power
2026-03-10 18:09:17,未找到,未找到,https://www.nio.cn/nio-power
2026-03-11 18:36:36,未找到,未找到,https://www.nio.cn/nio-power
2026-03-12 18:11:37,未找到,未找到,https://www.nio.cn/nio-power
2026-03-13 17:54:27,未找到,未找到,https://www.nio.cn/nio-power
2026-03-14 17:02:14,未找到,未找到,https://www.nio.cn/nio-power
2026-03-15 17:02:27,未找到,未找到,https://www.nio.cn/nio-power
2026-03-16 19:37:46,未找到,未找到,https://www.nio.cn/nio-power
2026-03-17 19:39:26,未找到,未找到,https://www.nio.cn/nio-power
2026-03-18 18:40:50,未找到,未找到,https://www.nio.cn/nio-power
2026-03-19 18:11:46,"6,770,470,501","3,760",https://www.nio.cn/nio-power
2026-03-20 17:56:23,"704,971,501","3,761",https://www.nio.cn/nio-power
2026-03-21 16:59:41,"902,382,501","3,761",https://www.nio.cn/nio-power
2026-03-22 17:00:33,"457,783,501","3,763",https://www.nio.cn/nio-power
2026-03-23 18:46:41,"525,184,501","3,764",https://www.nio.cn/nio-power
2026-03-24 19:38:24,"165,575,501","3,765",https://www.nio.cn/nio-power
2026-03-25 18:38:56,"125,966,501","3,766",https://www.nio.cn/nio-power
2026-03-26 16:58:51,"585,167,501","3,767",https://www.nio.cn/nio-power
2026-03-27 16:53:24,"464,568,501","3,769",https://www.nio.cn/nio-power
2026-03-28 16:32:38,"840,079,501","3,770",https://www.nio.cn/nio-power
2026-03-29 16:33:06,"7,815,670,601","3,770",https://www.nio.cn/nio-power
2026-03-30 16:54:24,"268,961,601","3,773",https://www.nio.cn/nio-power
